timeStamp,elapsed,label,responseCode,responseMessage,threadName,dataType,success,failureMessage,bytes,sentBytes,grpThreads,allThreads,URL,Latency,IdleTime,Connect
1773878234470,76,HTTP Request,200,OK,Stress Test 1-4,text,true,,197,121,10,10,http://54.159.81.233:8080/match,74,0,44
1773878234470,76,HTTP Request,200,OK,Stress Test 1-3,text,true,,197,121,10,10,http://54.159.81.233:8080/match,74,0,44
1773878234470,76,HTTP Request,200,OK,Stress Test 1-1,text,true,,197,121,10,10,http://54.159.81.233:8080/match,74,0,44
1773878234470,76,HTTP Request,200,OK,Stress Test 1-6,text,true,,197,121,10,10,http://54.159.81.233:8080/match,74,0,45
1773878234470,76,HTTP Request,200,OK,Stress Test 1-2,text,true,,197,121,10,10,http://54.159.81.233:8080/match,74,0,44
1773878234470,76,HTTP Request,200,OK,Stress Test 1-5,text,true,,197,121,10,10,http://54.159.81.233:8080/match,74,0,45
1773878234493,53,HTTP Request,200,OK,Stress Test 1-8,text,true,,197,121,10,10,http://54.159.81.233:8080/match,51,0,22
1773878234474,72,HTTP Request,200,OK,Stress Test 1-7,text,true,,197,121,10,10,http://54.159.81.233:8080/match,70,0,40
1773878234513,44,HTTP Request,200,OK,Stress Test 1-9,text,true,,197,121,3,3,http://54.159.81.233:8080/match,44,0,22
1773878234533,43,HTTP Request,200,OK,Stress Test 1-10,text,true,,197,121,3,3,http://54.159.81.233:8080/match,43,0,21
1773878234553,45,HTTP Request,200,OK,Stress Test 1-11,text,true,,197,121,3,3,http://54.159.81.233:8080/match,45,0,22
1773878234573,48,HTTP Request,200,OK,Stress Test 1-12,text,true,,197,121,3,3,http://54.159.81.233:8080/match,48,0,25
1773878234593,43,HTTP Request,200,OK,Stress Test 1-13,text,true,,197,121,3,3,http://54.159.81.233:8080/match,43,0,21
1773878234613,44,HTTP Request,200,OK,Stress Test 1-14,text,true,,197,121,3,3,http://54.159.81.233:8080/match,44,0,22
1773878234633,43,HTTP Request,200,OK,Stress Test 1-15,text,true,,197,121,3,3,http://54.159.81.233:8080/match,43,0,21
1773878234652,47,HTTP Request,200,OK,Stress Test 1-16,text,true,,197,121,3,3,http://54.159.81.233:8080/match,47,0,23
1773878234672,45,HTTP Request,200,OK,Stress Test 1-17,text,true,,197,121,3,3,http://54.159.81.233:8080/match,45,0,22
1773878234694,43,HTTP Request,200,OK,Stress Test 1-18,text,true,,197,121,3,3,http://54.159.81.233:8080/match,43,0,21
1773878234713,45,HTTP Request,200,OK,Stress Test 1-19,text,true,,197,121,3,3,http://54.159.81.233:8080/match,45,0,22
1773878234733,45,HTTP Request,200,OK,Stress Test 1-20,text,true,,197,121,3,3,http://54.159.81.233:8080/match,45,0,22
1773878234752,45,HTTP Request,200,OK,Stress Test 1-21,text,true,,197,121,3,3,http://54.159.81.233:8080/match,45,0,22
1773878234774,43,HTTP Request,200,OK,Stress Test 1-22,text,true,,197,121,3,3,http://54.159.81.233:8080/match,43,0,21
1773878234793,44,HTTP Request,200,OK,Stress Test 1-23,text,true,,197,121,3,3,http://54.159.81.233:8080/match,43,0,21
1773878234813,44,HTTP Request,200,OK,Stress Test 1-24,text,true,,197,121,3,3,http://54.159.81.233:8080/match,44,0,22
1773878234833,44,HTTP Request,200,OK,Stress Test 1-25,text,true,,197,121,3,3,http://54.159.81.233:8080/match,44,0,21
1773878234852,45,HTTP Request,200,OK,Stress Test 1-26,text,true,,197,121,3,3,http://54.159.81.233:8080/match,45,0,22
1773878234872,44,HTTP Request,200,OK,Stress Test 1-27,text,true,,197,121,3,3,http://54.159.81.233:8080/match,44,0,22
1773878234893,46,HTTP Request,200,OK,Stress Test 1-28,text,true,,197,121,3,3,http://54.159.81.233:8080/match,46,0,22
1773878234912,43,HTTP Request,200,OK,Stress Test 1-29,text,true,,197,121,3,3,http://54.159.81.233:8080/match,43,0,22
1773878234933,45,HTTP Request,200,OK,Stress Test 1-30,text,true,,197,121,3,3,http://54.159.81.233:8080/match,45,0,22
1773878234954,44,HTTP Request,200,OK,Stress Test 1-31,text,true,,197,121,3,3,http://54.159.81.233:8080/match,44,0,22
1773878234973,43,HTTP Request,200,OK,Stress Test 1-32,text,true,,197,121,3,3,http://54.159.81.233:8080/match,43,0,21
1773878234992,44,HTTP Request,200,OK,Stress Test 1-33,text,true,,197,121,3,3,http://54.159.81.233:8080/match,44,0,22
1773878235014,43,HTTP Request,200,OK,Stress Test 1-34,text,true,,197,121,3,3,http://54.159.81.233:8080/match,43,0,21
1773878235033,44,HTTP Request,200,OK,Stress Test 1-35,text,true,,197,121,3,3,http://54.159.81.233:8080/match,43,0,22
1773878235052,44,HTTP Request,200,OK,Stress Test 1-36,text,true,,197,121,3,3,http://54.159.81.233:8080/match,44,0,22
1773878235074,44,HTTP Request,200,OK,Stress Test 1-37,text,true,,197,121,3,3,http://54.159.81.233:8080/match,44,0,21
1773878235092,43,HTTP Request,200,OK,Stress Test 1-38,text,true,,197,121,3,3,http://54.159.81.233:8080/match,43,0,21
1773878235113,43,HTTP Request,200,OK,Stress Test 1-39,text,true,,197,121,3,3,http://54.159.81.233:8080/match,43,0,21
1773878235133,43,HTTP Request,200,OK,Stress Test 1-40,text,true,,197,121,3,3,http://54.159.81.233:8080/match,43,0,21
1773878235155,44,HTTP Request,200,OK,Stress Test 1-41,text,true,,197,121,3,3,http://54.159.81.233:8080/match,44,0,21
1773878235172,44,HTTP Request,200,OK,Stress Test 1-42,text,true,,197,121,3,3,http://54.159.81.233:8080/match,44,0,22
1773878235193,45,HTTP Request,200,OK,Stress Test 1-43,text,true,,197,121,3,3,http://54.159.81.233:8080/match,45,0,22
1773878235212,44,HTTP Request,200,OK,Stress Test 1-44,text,true,,197,121,3,3,http://54.159.81.233:8080/match,44,0,22
1773878235233,43,HTTP Request,200,OK,Stress Test 1-45,text,true,,197,121,3,3,http://54.159.81.233:8080/match,43,0,21
1773878235253,43,HTTP Request,200,OK,Stress Test 1-46,text,true,,197,121,3,3,http://54.159.81.233:8080/match,43,0,21
1773878235272,44,HTTP Request,200,OK,Stress Test 1-47,text,true,,197,121,3,3,http://54.159.81.233:8080/match,44,0,21
1773878235292,44,HTTP Request,200,OK,Stress Test 1-48,text,true,,197,121,3,3,http://54.159.81.233:8080/match,44,0,22
1773878235313,44,HTTP Request,200,OK,Stress Test 1-49,text,true,,197,121,3,3,http://54.159.81.233:8080/match,44,0,22
1773878235333,43,HTTP Request,200,OK,Stress Test 1-50,text,true,,197,121,3,3,http://54.159.81.233:8080/match,43,0,21
1773878235353,45,HTTP Request,200,OK,Stress Test 1-51,text,true,,197,121,3,3,http://54.159.81.233:8080/match,45,0,23
1773878235372,45,HTTP Request,200,OK,Stress Test 1-52,text,true,,197,121,3,3,http://54.159.81.233:8080/match,45,0,22
1773878235392,43,HTTP Request,200,OK,Stress Test 1-53,text,true,,197,121,3,3,http://54.159.81.233:8080/match,43,0,21
1773878235412,43,HTTP Request,200,OK,Stress Test 1-54,text,true,,197,121,3,3,http://54.159.81.233:8080/match,43,0,21
1773878235434,43,HTTP Request,200,OK,Stress Test 1-55,text,true,,197,121,3,3,http://54.159.81.233:8080/match,43,0,21
1773878235453,44,HTTP Request,200,OK,Stress Test 1-56,text,true,,197,121,3,3,http://54.159.81.233:8080/match,44,0,22
1773878235472,45,HTTP Request,200,OK,Stress Test 1-57,text,true,,197,121,3,3,http://54.159.81.233:8080/match,45,0,22
1773878235492,44,HTTP Request,200,OK,Stress Test 1-58,text,true,,197,121,3,3,http://54.159.81.233:8080/match,44,0,22
1773878235512,47,HTTP Request,200,OK,Stress Test 1-59,text,true,,197,121,3,3,http://54.159.81.233:8080/match,47,0,22
1773878235532,49,HTTP Request,200,OK,Stress Test 1-60,text,true,,197,121,3,3,http://54.159.81.233:8080/match,49,0,27
1773878235552,45,HTTP Request,200,OK,Stress Test 1-61,text,true,,197,121,3,3,http://54.159.81.233:8080/match,45,0,22
1773878235573,44,HTTP Request,200,OK,Stress Test 1-62,text,true,,197,121,3,3,http://54.159.81.233:8080/match,44,0,22
1773878235594,43,HTTP Request,200,OK,Stress Test 1-63,text,true,,197,121,3,3,http://54.159.81.233:8080/match,42,0,21
1773878235614,43,HTTP Request,200,OK,Stress Test 1-64,text,true,,197,121,3,3,http://54.159.81.233:8080/match,43,0,21
1773878235632,44,HTTP Request,200,OK,Stress Test 1-65,text,true,,197,121,3,3,http://54.159.81.233:8080/match,44,0,22
1773878235652,44,HTTP Request,200,OK,Stress Test 1-66,text,true,,197,121,3,3,http://54.159.81.233:8080/match,44,0,22
1773878235672,44,HTTP Request,200,OK,Stress Test 1-67,text,true,,197,121,3,3,http://54.159.81.233:8080/match,43,0,21
1773878235693,45,HTTP Request,200,OK,Stress Test 1-68,text,true,,197,121,3,3,http://54.159.81.233:8080/match,45,0,22
1773878235713,44,HTTP Request,200,OK,Stress Test 1-69,text,true,,197,121,3,3,http://54.159.81.233:8080/match,44,0,22
1773878235732,45,HTTP Request,200,OK,Stress Test 1-70,text,true,,197,121,3,3,http://54.159.81.233:8080/match,45,0,22
1773878235752,44,HTTP Request,200,OK,Stress Test 1-71,text,true,,197,121,3,3,http://54.159.81.233:8080/match,44,0,21
1773878235772,44,HTTP Request,200,OK,Stress Test 1-72,text,true,,197,121,2,2,http://54.159.81.233:8080/match,44,0,22
1773878235792,45,HTTP Request,200,OK,Stress Test 1-73,text,true,,197,121,3,3,http://54.159.81.233:8080/match,45,0,23
1773878235820,44,HTTP Request,200,OK,Stress Test 1-74,text,true,,197,121,3,3,http://54.159.81.233:8080/match,44,0,21
1773878235832,45,HTTP Request,200,OK,Stress Test 1-75,text,true,,197,121,3,3,http://54.159.81.233:8080/match,45,0,22
1773878235851,44,HTTP Request,200,OK,Stress Test 1-76,text,true,,197,121,3,3,http://54.159.81.233:8080/match,44,0,22
1773878235872,43,HTTP Request,200,OK,Stress Test 1-77,text,true,,197,121,3,3,http://54.159.81.233:8080/match,43,0,21
1773878235892,44,HTTP Request,200,OK,Stress Test 1-78,text,true,,197,121,3,3,http://54.159.81.233:8080/match,44,0,22
1773878235912,44,HTTP Request,200,OK,Stress Test 1-79,text,true,,197,121,3,3,http://54.159.81.233:8080/match,44,0,22
1773878235932,45,HTTP Request,200,OK,Stress Test 1-80,text,true,,197,121,3,3,http://54.159.81.233:8080/match,45,0,23
1773878235953,44,HTTP Request,200,OK,Stress Test 1-81,text,true,,197,121,3,3,http://54.159.81.233:8080/match,44,0,22
1773878235972,43,HTTP Request,200,OK,Stress Test 1-82,text,true,,197,121,3,3,http://54.159.81.233:8080/match,43,0,22
1773878235991,43,HTTP Request,200,OK,Stress Test 1-83,text,true,,197,121,3,3,http://54.159.81.233:8080/match,43,0,22
1773878236012,43,HTTP Request,200,OK,Stress Test 1-84,text,true,,197,121,3,3,http://54.159.81.233:8080/match,43,0,21
1773878236033,45,HTTP Request,200,OK,Stress Test 1-85,text,true,,197,121,3,3,http://54.159.81.233:8080/match,45,0,21
1773878236053,45,HTTP Request,200,OK,Stress Test 1-86,text,true,,197,121,3,3,http://54.159.81.233:8080/match,45,0,22
1773878236072,44,HTTP Request,200,OK,Stress Test 1-87,text,true,,197,121,3,3,http://54.159.81.233:8080/match,44,0,22
1773878236093,46,HTTP Request,200,OK,Stress Test 1-88,text,true,,197,121,3,3,http://54.159.81.233:8080/match,46,0,23
1773878236112,44,HTTP Request,200,OK,Stress Test 1-89,text,true,,197,121,3,3,http://54.159.81.233:8080/match,44,0,21
1773878236132,43,HTTP Request,200,OK,Stress Test 1-90,text,true,,197,121,3,3,http://54.159.81.233:8080/match,43,0,21
1773878236153,44,HTTP Request,200,OK,Stress Test 1-91,text,true,,197,121,3,3,http://54.159.81.233:8080/match,44,0,21
1773878236173,43,HTTP Request,200,OK,Stress Test 1-92,text,true,,197,121,3,3,http://54.159.81.233:8080/match,43,0,21
1773878236193,43,HTTP Request,200,OK,Stress Test 1-93,text,true,,197,121,3,3,http://54.159.81.233:8080/match,43,0,21
1773878236212,44,HTTP Request,200,OK,Stress Test 1-94,text,true,,197,121,3,3,http://54.159.81.233:8080/match,44,0,22
1773878236233,44,HTTP Request,200,OK,Stress Test 1-95,text,true,,197,121,3,3,http://54.159.81.233:8080/match,44,0,22
1773878236252,44,HTTP Request,200,OK,Stress Test 1-96,text,true,,197,121,3,3,http://54.159.81.233:8080/match,44,0,22
1773878236273,45,HTTP Request,200,OK,Stress Test 1-97,text,true,,197,121,3,3,http://54.159.81.233:8080/match,45,0,23
1773878236292,44,HTTP Request,200,OK,Stress Test 1-98,text,true,,197,121,3,3,http://54.159.81.233:8080/match,44,0,22
1773878236312,43,HTTP Request,200,OK,Stress Test 1-99,text,true,,197,121,3,3,http://54.159.81.233:8080/match,43,0,21
1773878236332,43,HTTP Request,200,OK,Stress Test 1-100,text,true,,197,121,3,3,http://54.159.81.233:8080/match,43,0,21
1773878236352,44,HTTP Request,200,OK,Stress Test 1-101,text,true,,197,121,3,3,http://54.159.81.233:8080/match,44,0,22
1773878236371,44,HTTP Request,200,OK,Stress Test 1-102,text,true,,197,121,3,3,http://54.159.81.233:8080/match,44,0,22
1773878236393,43,HTTP Request,200,OK,Stress Test 1-103,text,true,,197,121,3,3,http://54.159.81.233:8080/match,43,0,21
1773878236413,42,HTTP Request,200,OK,Stress Test 1-104,text,true,,197,121,3,3,http://54.159.81.233:8080/match,42,0,21
1773878236432,43,HTTP Request,200,OK,Stress Test 1-105,text,true,,197,121,3,3,http://54.159.81.233:8080/match,43,0,21
1773878236452,43,HTTP Request,200,OK,Stress Test 1-106,text,true,,197,121,3,3,http://54.159.81.233:8080/match,43,0,21
1773878236472,43,HTTP Request,200,OK,Stress Test 1-107,text,true,,197,121,3,3,http://54.159.81.233:8080/match,43,0,21
1773878236494,43,HTTP Request,200,OK,Stress Test 1-108,text,true,,197,121,3,3,http://54.159.81.233:8080/match,43,0,21
1773878236513,44,HTTP Request,200,OK,Stress Test 1-109,text,true,,197,121,3,3,http://54.159.81.233:8080/match,44,0,22
1773878236532,44,HTTP Request,200,OK,Stress Test 1-110,text,true,,197,121,3,3,http://54.159.81.233:8080/match,44,0,22
1773878236552,44,HTTP Request,200,OK,Stress Test 1-111,text,true,,197,121,3,3,http://54.159.81.233:8080/match,44,0,22
1773878236572,45,HTTP Request,200,OK,Stress Test 1-112,text,true,,197,121,3,3,http://54.159.81.233:8080/match,45,0,22
1773878236593,43,HTTP Request,200,OK,Stress Test 1-113,text,true,,197,121,3,3,http://54.159.81.233:8080/match,43,0,21
1773878236612,44,HTTP Request,200,OK,Stress Test 1-114,text,true,,197,121,3,3,http://54.159.81.233:8080/match,44,0,21
1773878236633,45,HTTP Request,200,OK,Stress Test 1-115,text,true,,197,121,3,3,http://54.159.81.233:8080/match,45,0,22
1773878236652,43,HTTP Request,200,OK,Stress Test 1-116,text,true,,197,121,3,3,http://54.159.81.233:8080/match,43,0,21
1773878236672,44,HTTP Request,200,OK,Stress Test 1-117,text,true,,197,121,3,3,http://54.159.81.233:8080/match,44,0,21
1773878236693,44,HTTP Request,200,OK,Stress Test 1-118,text,true,,197,121,3,3,http://54.159.81.233:8080/match,44,0,22
1773878236713,44,HTTP Request,200,OK,Stress Test 1-119,text,true,,197,121,3,3,http://54.159.81.233:8080/match,44,0,22
1773878236733,44,HTTP Request,200,OK,Stress Test 1-120,text,true,,197,121,3,3,http://54.159.81.233:8080/match,44,0,22
1773878236752,43,HTTP Request,200,OK,Stress Test 1-121,text,true,,197,121,3,3,http://54.159.81.233:8080/match,43,0,21
1773878236772,44,HTTP Request,200,OK,Stress Test 1-122,text,true,,197,121,3,3,http://54.159.81.233:8080/match,44,0,22
1773878236792,43,HTTP Request,200,OK,Stress Test 1-123,text,true,,197,121,3,3,http://54.159.81.233:8080/match,43,0,21
1773878236813,44,HTTP Request,200,OK,Stress Test 1-124,text,true,,197,121,3,3,http://54.159.81.233:8080/match,44,0,22
1773878236833,42,HTTP Request,200,OK,Stress Test 1-125,text,true,,197,121,3,3,http://54.159.81.233:8080/match,42,0,21
1773878236853,44,HTTP Request,200,OK,Stress Test 1-126,text,true,,197,121,3,3,http://54.159.81.233:8080/match,44,0,22
1773878236874,44,HTTP Request,200,OK,Stress Test 1-127,text,true,,197,121,3,3,http://54.159.81.233:8080/match,44,0,22
1773878236892,44,HTTP Request,200,OK,Stress Test 1-128,text,true,,197,121,3,3,http://54.159.81.233:8080/match,44,0,22
1773878236912,44,HTTP Request,200,OK,Stress Test 1-129,text,true,,197,121,3,3,http://54.159.81.233:8080/match,44,0,22
1773878236932,45,HTTP Request,200,OK,Stress Test 1-130,text,true,,197,121,3,3,http://54.159.81.233:8080/match,45,0,22
1773878236953,43,HTTP Request,200,OK,Stress Test 1-131,text,true,,197,121,3,3,http://54.159.81.233:8080/match,43,0,21
1773878236974,43,HTTP Request,200,OK,Stress Test 1-132,text,true,,197,121,3,3,http://54.159.81.233:8080/match,43,0,21
1773878236992,43,HTTP Request,200,OK,Stress Test 1-133,text,true,,197,121,3,3,http://54.159.81.233:8080/match,43,0,21
1773878237012,43,HTTP Request,200,OK,Stress Test 1-134,text,true,,197,121,3,3,http://54.159.81.233:8080/match,43,0,21
1773878237033,43,HTTP Request,200,OK,Stress Test 1-135,text,true,,197,121,3,3,http://54.159.81.233:8080/match,43,0,21
1773878237053,46,HTTP Request,200,OK,Stress Test 1-136,text,true,,197,121,3,3,http://54.159.81.233:8080/match,46,0,23
1773878237072,43,HTTP Request,200,OK,Stress Test 1-137,text,true,,197,121,3,3,http://54.159.81.233:8080/match,43,0,21
1773878237094,43,HTTP Request,200,OK,Stress Test 1-138,text,true,,197,121,3,3,http://54.159.81.233:8080/match,43,0,21
1773878237113,46,HTTP Request,200,OK,Stress Test 1-139,text,true,,197,121,3,3,http://54.159.81.233:8080/match,46,0,22
1773878237132,43,HTTP Request,200,OK,Stress Test 1-140,text,true,,197,121,3,3,http://54.159.81.233:8080/match,43,0,21
1773878237152,53,HTTP Request,200,OK,Stress Test 1-141,text,true,,197,121,3,3,http://54.159.81.233:8080/match,53,0,22
1773878237192,44,HTTP Request,200,OK,Stress Test 1-143,text,true,,197,121,4,4,http://54.159.81.233:8080/match,44,0,22
1773878237172,64,HTTP Request,200,OK,Stress Test 1-142,text,true,,197,121,4,4,http://54.159.81.233:8080/match,64,0,33
1773878237212,43,HTTP Request,200,OK,Stress Test 1-144,text,true,,197,121,3,3,http://54.159.81.233:8080/match,43,0,21
1773878237234,43,HTTP Request,200,OK,Stress Test 1-145,text,true,,197,121,3,3,http://54.159.81.233:8080/match,43,0,21
1773878237253,43,HTTP Request,200,OK,Stress Test 1-146,text,true,,197,121,3,3,http://54.159.81.233:8080/match,43,0,21
1773878237272,44,HTTP Request,200,OK,Stress Test 1-147,text,true,,197,121,3,3,http://54.159.81.233:8080/match,44,0,22
1773878237292,44,HTTP Request,200,OK,Stress Test 1-148,text,true,,197,121,3,3,http://54.159.81.233:8080/match,44,0,22
1773878237312,44,HTTP Request,200,OK,Stress Test 1-149,text,true,,197,121,3,3,http://54.159.81.233:8080/match,44,0,22
1773878237332,44,HTTP Request,200,OK,Stress Test 1-150,text,true,,197,121,3,3,http://54.159.81.233:8080/match,44,0,22
1773878237353,43,HTTP Request,200,OK,Stress Test 1-151,text,true,,197,121,3,3,http://54.159.81.233:8080/match,43,0,21
1773878237372,43,HTTP Request,200,OK,Stress Test 1-152,text,true,,197,121,3,3,http://54.159.81.233:8080/match,43,0,21
1773878237393,43,HTTP Request,200,OK,Stress Test 1-153,text,true,,197,121,3,3,http://54.159.81.233:8080/match,43,0,21
1773878237412,43,HTTP Request,200,OK,Stress Test 1-154,text,true,,197,121,3,3,http://54.159.81.233:8080/match,43,0,22
1773878237433,44,HTTP Request,200,OK,Stress Test 1-155,text,true,,197,121,3,3,http://54.159.81.233:8080/match,44,0,22
1773878237452,43,HTTP Request,200,OK,Stress Test 1-156,text,true,,197,121,3,3,http://54.159.81.233:8080/match,43,0,21
1773878237473,44,HTTP Request,200,OK,Stress Test 1-157,text,true,,197,121,3,3,http://54.159.81.233:8080/match,44,0,22
1773878237492,43,HTTP Request,200,OK,Stress Test 1-158,text,true,,197,121,3,3,http://54.159.81.233:8080/match,43,0,21
1773878237512,44,HTTP Request,200,OK,Stress Test 1-159,text,true,,197,121,3,3,http://54.159.81.233:8080/match,44,0,22
1773878237532,43,HTTP Request,200,OK,Stress Test 1-160,text,true,,197,121,3,3,http://54.159.81.233:8080/match,43,0,21
1773878237552,44,HTTP Request,200,OK,Stress Test 1-161,text,true,,197,121,3,3,http://54.159.81.233:8080/match,44,0,22
1773878237573,45,HTTP Request,200,OK,Stress Test 1-162,text,true,,197,121,3,3,http://54.159.81.233:8080/match,45,0,22
1773878237593,45,HTTP Request,200,OK,Stress Test 1-163,text,true,,197,121,3,3,http://54.159.81.233:8080/match,45,0,23
1773878237612,44,HTTP Request,200,OK,Stress Test 1-164,text,true,,197,121,3,3,http://54.159.81.233:8080/match,44,0,22
1773878237632,44,HTTP Request,200,OK,Stress Test 1-165,text,true,,197,121,3,3,http://54.159.81.233:8080/match,44,0,22
1773878237652,46,HTTP Request,200,OK,Stress Test 1-166,text,true,,197,121,3,3,http://54.159.81.233:8080/match,46,0,24
1773878237673,47,HTTP Request,200,OK,Stress Test 1-167,text,true,,197,121,3,3,http://54.159.81.233:8080/match,47,0,21
1773878237693,50,HTTP Request,200,OK,Stress Test 1-168,text,true,,197,121,3,3,http://54.159.81.233:8080/match,50,0,26
1773878237712,44,HTTP Request,200,OK,Stress Test 1-169,text,true,,197,121,3,3,http://54.159.81.233:8080/match,44,0,22
1773878237732,43,HTTP Request,200,OK,Stress Test 1-170,text,true,,197,121,3,3,http://54.159.81.233:8080/match,43,0,21
1773878237752,43,HTTP Request,200,OK,Stress Test 1-171,text,true,,197,121,3,3,http://54.159.81.233:8080/match,43,0,21
1773878237772,43,HTTP Request,200,OK,Stress Test 1-172,text,true,,197,121,3,3,http://54.159.81.233:8080/match,43,0,21
1773878237793,44,HTTP Request,200,OK,Stress Test 1-173,text,true,,197,121,3,3,http://54.159.81.233:8080/match,44,0,22
1773878237813,45,HTTP Request,200,OK,Stress Test 1-174,text,true,,197,121,3,3,http://54.159.81.233:8080/match,45,0,22
1773878237832,43,HTTP Request,200,OK,Stress Test 1-175,text,true,,197,121,3,3,http://54.159.81.233:8080/match,43,0,22
1773878237852,43,HTTP Request,200,OK,Stress Test 1-176,text,true,,197,121,3,3,http://54.159.81.233:8080/match,43,0,21
1773878237872,43,HTTP Request,200,OK,Stress Test 1-177,text,true,,197,121,3,3,http://54.159.81.233:8080/match,43,0,22
1773878237893,44,HTTP Request,200,OK,Stress Test 1-178,text,true,,197,121,3,3,http://54.159.81.233:8080/match,44,0,22
1773878237914,42,HTTP Request,200,OK,Stress Test 1-179,text,true,,197,121,3,3,http://54.159.81.233:8080/match,42,0,21
1773878237933,47,HTTP Request,200,OK,Stress Test 1-180,text,true,,197,121,3,3,http://54.159.81.233:8080/match,47,0,21
1773878237953,48,HTTP Request,200,OK,Stress Test 1-181,text,true,,197,121,3,3,http://54.159.81.233:8080/match,48,0,22
1773878237972,44,HTTP Request,200,OK,Stress Test 1-182,text,true,,197,121,3,3,http://54.159.81.233:8080/match,44,0,23
1773878237992,45,HTTP Request,200,OK,Stress Test 1-183,text,true,,197,121,3,3,http://54.159.81.233:8080/match,45,0,22
1773878238014,44,HTTP Request,200,OK,Stress Test 1-184,text,true,,197,121,3,3,http://54.159.81.233:8080/match,44,0,21
1773878238033,43,HTTP Request,200,OK,Stress Test 1-185,text,true,,197,121,3,3,http://54.159.81.233:8080/match,43,0,21
1773878238052,44,HTTP Request,200,OK,Stress Test 1-186,text,true,,197,121,3,3,http://54.159.81.233:8080/match,44,0,22
1773878238073,43,HTTP Request,200,OK,Stress Test 1-187,text,true,,197,121,3,3,http://54.159.81.233:8080/match,43,0,21
1773878238093,45,HTTP Request,200,OK,Stress Test 1-188,text,true,,197,121,3,3,http://54.159.81.233:8080/match,45,0,23
1773878238112,43,HTTP Request,200,OK,Stress Test 1-189,text,true,,197,121,3,3,http://54.159.81.233:8080/match,43,0,22
1773878238134,44,HTTP Request,200,OK,Stress Test 1-190,text,true,,197,121,3,3,http://54.159.81.233:8080/match,44,0,22
1773878238155,43,HTTP Request,200,OK,Stress Test 1-191,text,true,,197,121,3,3,http://54.159.81.233:8080/match,43,0,21
1773878238174,46,HTTP Request,200,OK,Stress Test 1-192,text,true,,197,121,3,3,http://54.159.81.233:8080/match,46,0,23
1773878238193,44,HTTP Request,200,OK,Stress Test 1-193,text,true,,197,121,3,3,http://54.159.81.233:8080/match,44,0,22
1773878238212,44,HTTP Request,200,OK,Stress Test 1-194,text,true,,197,121,3,3,http://54.159.81.233:8080/match,43,0,21
1773878238232,45,HTTP Request,200,OK,Stress Test 1-195,text,true,,197,121,3,3,http://54.159.81.233:8080/match,45,0,22
1773878238253,44,HTTP Request,200,OK,Stress Test 1-196,text,true,,197,121,3,3,http://54.159.81.233:8080/match,44,0,22
1773878238272,43,HTTP Request,200,OK,Stress Test 1-197,text,true,,197,121,3,3,http://54.159.81.233:8080/match,43,0,21
1773878238293,43,HTTP Request,200,OK,Stress Test 1-198,text,true,,197,121,3,3,http://54.159.81.233:8080/match,43,0,21
1773878238314,43,HTTP Request,200,OK,Stress Test 1-199,text,true,,197,121,3,3,http://54.159.81.233:8080/match,43,0,21
1773878238332,44,HTTP Request,200,OK,Stress Test 1-200,text,true,,197,121,3,3,http://54.159.81.233:8080/match,44,0,22
1773878238353,44,HTTP Request,200,OK,Stress Test 1-201,text,true,,197,121,3,3,http://54.159.81.233:8080/match,44,0,22
1773878238372,44,HTTP Request,200,OK,Stress Test 1-202,text,true,,197,121,3,3,http://54.159.81.233:8080/match,44,0,22
1773878238392,43,HTTP Request,200,OK,Stress Test 1-203,text,true,,197,121,3,3,http://54.159.81.233:8080/match,43,0,21
1773878238412,42,HTTP Request,200,OK,Stress Test 1-204,text,true,,197,121,3,3,http://54.159.81.233:8080/match,42,0,21
1773878238432,44,HTTP Request,200,OK,Stress Test 1-205,text,true,,197,121,3,3,http://54.159.81.233:8080/match,44,0,21
1773878238453,43,HTTP Request,200,OK,Stress Test 1-206,text,true,,197,121,3,3,http://54.159.81.233:8080/match,43,0,21
1773878238472,44,HTTP Request,200,OK,Stress Test 1-207,text,true,,197,121,3,3,http://54.159.81.233:8080/match,44,0,21
1773878238491,45,HTTP Request,200,OK,Stress Test 1-208,text,true,,197,121,3,3,http://54.159.81.233:8080/match,45,0,23
1773878238512,43,HTTP Request,200,OK,Stress Test 1-209,text,true,,197,121,3,3,http://54.159.81.233:8080/match,43,0,21
1773878238533,42,HTTP Request,200,OK,Stress Test 1-210,text,true,,197,121,3,3,http://54.159.81.233:8080/match,42,0,20
1773878238553,43,HTTP Request,200,OK,Stress Test 1-211,text,true,,197,121,3,3,http://54.159.81.233:8080/match,43,0,21
1773878238572,45,HTTP Request,200,OK,Stress Test 1-212,text,true,,197,121,3,3,http://54.159.81.233:8080/match,45,0,22
1773878238592,43,HTTP Request,200,OK,Stress Test 1-213,text,true,,197,121,3,3,http://54.159.81.233:8080/match,43,0,21
1773878238612,44,HTTP Request,200,OK,Stress Test 1-214,text,true,,197,121,3,3,http://54.159.81.233:8080/match,44,0,22
1773878238632,44,HTTP Request,200,OK,Stress Test 1-215,text,true,,197,121,3,3,http://54.159.81.233:8080/match,44,0,22
1773878238652,44,HTTP Request,200,OK,Stress Test 1-216,text,true,,197,121,3,3,http://54.159.81.233:8080/match,44,0,22
1773878238673,42,HTTP Request,200,OK,Stress Test 1-217,text,true,,197,121,3,3,http://54.159.81.233:8080/match,42,0,21
1773878238694,43,HTTP Request,200,OK,Stress Test 1-218,text,true,,197,121,3,3,http://54.159.81.233:8080/match,43,0,21
1773878238714,43,HTTP Request,200,OK,Stress Test 1-219,text,true,,197,121,3,3,http://54.159.81.233:8080/match,43,0,21
1773878238732,43,HTTP Request,200,OK,Stress Test 1-220,text,true,,197,121,3,3,http://54.159.81.233:8080/match,43,0,22
1773878238753,44,HTTP Request,200,OK,Stress Test 1-221,text,true,,197,121,3,3,http://54.159.81.233:8080/match,44,0,22
1773878238773,44,HTTP Request,200,OK,Stress Test 1-222,text,true,,197,121,3,3,http://54.159.81.233:8080/match,44,0,22
1773878238792,44,HTTP Request,200,OK,Stress Test 1-223,text,true,,197,121,3,3,http://54.159.81.233:8080/match,44,0,22
1773878238812,45,HTTP Request,200,OK,Stress Test 1-224,text,true,,197,121,3,3,http://54.159.81.233:8080/match,45,0,23
1773878238833,44,HTTP Request,200,OK,Stress Test 1-225,text,true,,197,121,3,3,http://54.159.81.233:8080/match,44,0,21
1773878238852,44,HTTP Request,200,OK,Stress Test 1-226,text,true,,197,121,3,3,http://54.159.81.233:8080/match,44,0,22
1773878238871,44,HTTP Request,200,OK,Stress Test 1-227,text,true,,197,121,3,3,http://54.159.81.233:8080/match,44,0,22
1773878238891,43,HTTP Request,200,OK,Stress Test 1-228,text,true,,197,121,3,3,http://54.159.81.233:8080/match,43,0,22
1773878238912,43,HTTP Request,200,OK,Stress Test 1-229,text,true,,197,121,3,3,http://54.159.81.233:8080/match,43,0,21
1773878238931,44,HTTP Request,200,OK,Stress Test 1-230,text,true,,197,121,3,3,http://54.159.81.233:8080/match,44,0,22
1773878238953,44,HTTP Request,200,OK,Stress Test 1-231,text,true,,197,121,3,3,http://54.159.81.233:8080/match,44,0,22
1773878238973,44,HTTP Request,200,OK,Stress Test 1-232,text,true,,197,121,3,3,http://54.159.81.233:8080/match,44,0,22
1773878238992,43,HTTP Request,200,OK,Stress Test 1-233,text,true,,197,121,3,3,http://54.159.81.233:8080/match,43,0,21
1773878239011,44,HTTP Request,200,OK,Stress Test 1-234,text,true,,197,121,3,3,http://54.159.81.233:8080/match,44,0,22
1773878239031,44,HTTP Request,200,OK,Stress Test 1-235,text,true,,197,121,3,3,http://54.159.81.233:8080/match,44,0,22
1773878239052,44,HTTP Request,200,OK,Stress Test 1-236,text,true,,197,121,3,3,http://54.159.81.233:8080/match,44,0,21
1773878239073,43,HTTP Request,200,OK,Stress Test 1-237,text,true,,197,121,3,3,http://54.159.81.233:8080/match,43,0,21
1773878239092,45,HTTP Request,200,OK,Stress Test 1-238,text,true,,197,121,3,3,http://54.159.81.233:8080/match,44,0,22
1773878239112,44,HTTP Request,200,OK,Stress Test 1-239,text,true,,197,121,3,3,http://54.159.81.233:8080/match,44,0,21
1773878239132,43,HTTP Request,200,OK,Stress Test 1-240,text,true,,197,121,3,3,http://54.159.81.233:8080/match,43,0,21
1773878239153,43,HTTP Request,200,OK,Stress Test 1-241,text,true,,197,121,3,3,http://54.159.81.233:8080/match,43,0,21
1773878239172,44,HTTP Request,200,OK,Stress Test 1-242,text,true,,197,121,3,3,http://54.159.81.233:8080/match,44,0,21
1773878239193,43,HTTP Request,200,OK,Stress Test 1-243,text,true,,197,121,3,3,http://54.159.81.233:8080/match,43,0,21
1773878239212,43,HTTP Request,200,OK,Stress Test 1-244,text,true,,197,121,3,3,http://54.159.81.233:8080/match,43,0,21
1773878239232,44,HTTP Request,200,OK,Stress Test 1-245,text,true,,197,121,3,3,http://54.159.81.233:8080/match,44,0,22
1773878239252,44,HTTP Request,200,OK,Stress Test 1-246,text,true,,197,121,3,3,http://54.159.81.233:8080/match,44,0,22
1773878239272,44,HTTP Request,200,OK,Stress Test 1-247,text,true,,197,121,3,3,http://54.159.81.233:8080/match,44,0,22
1773878239292,43,HTTP Request,200,OK,Stress Test 1-248,text,true,,197,121,3,3,http://54.159.81.233:8080/match,43,0,21
1773878239314,44,HTTP Request,200,OK,Stress Test 1-249,text,true,,197,121,3,3,http://54.159.81.233:8080/match,43,0,22
1773878239333,43,HTTP Request,200,OK,Stress Test 1-250,text,true,,197,121,3,3,http://54.159.81.233:8080/match,43,0,21
1773878239351,44,HTTP Request,200,OK,Stress Test 1-251,text,true,,197,121,3,3,http://54.159.81.233:8080/match,44,0,22
1773878239371,44,HTTP Request,200,OK,Stress Test 1-252,text,true,,197,121,3,3,http://54.159.81.233:8080/match,44,0,22
1773878239392,44,HTTP Request,200,OK,Stress Test 1-253,text,true,,197,121,3,3,http://54.159.81.233:8080/match,44,0,22
1773878239412,43,HTTP Request,200,OK,Stress Test 1-254,text,true,,197,121,3,3,http://54.159.81.233:8080/match,43,0,21
1773878239433,43,HTTP Request,200,OK,Stress Test 1-255,text,true,,197,121,3,3,http://54.159.81.233:8080/match,43,0,21
1773878239452,44,HTTP Request,200,OK,Stress Test 1-256,text,true,,197,121,3,3,http://54.159.81.233:8080/match,44,0,22
1773878239471,44,HTTP Request,200,OK,Stress Test 1-257,text,true,,197,121,3,3,http://54.159.81.233:8080/match,44,0,22
1773878239492,45,HTTP Request,200,OK,Stress Test 1-258,text,true,,197,121,3,3,http://54.159.81.233:8080/match,45,0,22
1773878239513,44,HTTP Request,200,OK,Stress Test 1-259,text,true,,197,121,3,3,http://54.159.81.233:8080/match,44,0,21
1773878239534,43,HTTP Request,200,OK,Stress Test 1-260,text,true,,197,121,3,3,http://54.159.81.233:8080/match,43,0,21
1773878239552,44,HTTP Request,200,OK,Stress Test 1-261,text,true,,197,121,3,3,http://54.159.81.233:8080/match,44,0,22
1773878239572,43,HTTP Request,200,OK,Stress Test 1-262,text,true,,197,121,3,3,http://54.159.81.233:8080/match,43,0,21
1773878239592,45,HTTP Request,200,OK,Stress Test 1-263,text,true,,197,121,3,3,http://54.159.81.233:8080/match,45,0,22
1773878239612,44,HTTP Request,200,OK,Stress Test 1-264,text,true,,197,121,3,3,http://54.159.81.233:8080/match,44,0,22
1773878239631,44,HTTP Request,200,OK,Stress Test 1-265,text,true,,197,121,3,3,http://54.159.81.233:8080/match,44,0,21
1773878239653,44,HTTP Request,200,OK,Stress Test 1-266,text,true,,197,121,3,3,http://54.159.81.233:8080/match,44,0,22
1773878239673,45,HTTP Request,200,OK,Stress Test 1-267,text,true,,197,121,3,3,http://54.159.81.233:8080/match,45,0,22
1773878239691,45,HTTP Request,200,OK,Stress Test 1-268,text,true,,197,121,3,3,http://54.159.81.233:8080/match,45,0,22
1773878239711,43,HTTP Request,200,OK,Stress Test 1-269,text,true,,197,121,3,3,http://54.159.81.233:8080/match,43,0,22
1773878239732,48,HTTP Request,200,OK,Stress Test 1-270,text,true,,197,121,3,3,http://54.159.81.233:8080/match,48,0,25
1773878239753,44,HTTP Request,200,OK,Stress Test 1-271,text,true,,197,121,3,3,http://54.159.81.233:8080/match,44,0,22
1773878239773,42,HTTP Request,200,OK,Stress Test 1-272,text,true,,197,121,3,3,http://54.159.81.233:8080/match,42,0,21
1773878239795,43,HTTP Request,200,OK,Stress Test 1-273,text,true,,197,121,3,3,http://54.159.81.233:8080/match,43,0,21
1773878239812,43,HTTP Request,200,OK,Stress Test 1-274,text,true,,197,121,3,3,http://54.159.81.233:8080/match,43,0,21
1773878239833,43,HTTP Request,200,OK,Stress Test 1-275,text,true,,197,121,3,3,http://54.159.81.233:8080/match,43,0,21
1773878239853,43,HTTP Request,200,OK,Stress Test 1-276,text,true,,197,121,3,3,http://54.159.81.233:8080/match,43,0,21
1773878239873,42,HTTP Request,200,OK,Stress Test 1-277,text,true,,197,121,3,3,http://54.159.81.233:8080/match,42,0,21
1773878239893,43,HTTP Request,200,OK,Stress Test 1-278,text,true,,197,121,3,3,http://54.159.81.233:8080/match,43,0,22
1773878239913,43,HTTP Request,200,OK,Stress Test 1-279,text,true,,197,121,3,3,http://54.159.81.233:8080/match,43,0,22
1773878239931,45,HTTP Request,200,OK,Stress Test 1-280,text,true,,197,121,3,3,http://54.159.81.233:8080/match,45,0,23
1773878239951,44,HTTP Request,200,OK,Stress Test 1-281,text,true,,197,121,3,3,http://54.159.81.233:8080/match,44,0,22
1773878239972,46,HTTP Request,200,OK,Stress Test 1-282,text,true,,197,121,3,3,http://54.159.81.233:8080/match,46,0,22
1773878239992,44,HTTP Request,200,OK,Stress Test 1-283,text,true,,197,121,3,3,http://54.159.81.233:8080/match,44,0,21
1773878240012,43,HTTP Request,200,OK,Stress Test 1-284,text,true,,197,121,3,3,http://54.159.81.233:8080/match,43,0,21
1773878240031,45,HTTP Request,200,OK,Stress Test 1-285,text,true,,197,121,3,3,http://54.159.81.233:8080/match,45,0,22
1773878240051,44,HTTP Request,200,OK,Stress Test 1-286,text,true,,197,121,3,3,http://54.159.81.233:8080/match,43,0,21
1773878240072,43,HTTP Request,200,OK,Stress Test 1-287,text,true,,197,121,3,3,http://54.159.81.233:8080/match,43,0,21
1773878240091,45,HTTP Request,200,OK,Stress Test 1-288,text,true,,197,121,3,3,http://54.159.81.233:8080/match,45,0,22
1773878240113,43,HTTP Request,200,OK,Stress Test 1-289,text,true,,197,121,3,3,http://54.159.81.233:8080/match,43,0,21
1773878240133,43,HTTP Request,200,OK,Stress Test 1-290,text,true,,197,121,3,3,http://54.159.81.233:8080/match,43,0,21
1773878240152,44,HTTP Request,200,OK,Stress Test 1-291,text,true,,197,121,3,3,http://54.159.81.233:8080/match,44,0,22
1773878240172,44,HTTP Request,200,OK,Stress Test 1-292,text,true,,197,121,3,3,http://54.159.81.233:8080/match,44,0,22
1773878240193,44,HTTP Request,200,OK,Stress Test 1-293,text,true,,197,121,3,3,http://54.159.81.233:8080/match,44,0,22
1773878240212,44,HTTP Request,200,OK,Stress Test 1-294,text,true,,197,121,3,3,http://54.159.81.233:8080/match,44,0,22
1773878240232,43,HTTP Request,200,OK,Stress Test 1-295,text,true,,197,121,3,3,http://54.159.81.233:8080/match,43,0,21
1773878240253,43,HTTP Request,200,OK,Stress Test 1-296,text,true,,197,121,3,3,http://54.159.81.233:8080/match,43,0,21
1773878240274,43,HTTP Request,200,OK,Stress Test 1-297,text,true,,197,121,3,3,http://54.159.81.233:8080/match,43,0,21
1773878240293,44,HTTP Request,200,OK,Stress Test 1-298,text,true,,197,121,3,3,http://54.159.81.233:8080/match,44,0,22
1773878240313,45,HTTP Request,200,OK,Stress Test 1-299,text,true,,197,121,3,3,http://54.159.81.233:8080/match,45,0,23
1773878240333,44,HTTP Request,200,OK,Stress Test 1-300,text,true,,197,121,3,3,http://54.159.81.233:8080/match,44,0,22
1773878240354,43,HTTP Request,200,OK,Stress Test 1-301,text,true,,197,121,3,3,http://54.159.81.233:8080/match,43,0,21
1773878240373,44,HTTP Request,200,OK,Stress Test 1-302,text,true,,197,121,3,3,http://54.159.81.233:8080/match,44,0,22
1773878240392,44,HTTP Request,200,OK,Stress Test 1-303,text,true,,197,121,3,3,http://54.159.81.233:8080/match,44,0,21
1773878240413,44,HTTP Request,200,OK,Stress Test 1-304,text,true,,197,121,3,3,http://54.159.81.233:8080/match,44,0,22
1773878240432,43,HTTP Request,200,OK,Stress Test 1-305,text,true,,197,121,3,3,http://54.159.81.233:8080/match,43,0,21
1773878240452,44,HTTP Request,200,OK,Stress Test 1-306,text,true,,197,121,3,3,http://54.159.81.233:8080/match,44,0,22
1773878240473,43,HTTP Request,200,OK,Stress Test 1-307,text,true,,197,121,3,3,http://54.159.81.233:8080/match,43,0,21
1773878240492,44,HTTP Request,200,OK,Stress Test 1-308,text,true,,197,121,3,3,http://54.159.81.233:8080/match,44,0,22
1773878240512,44,HTTP Request,200,OK,Stress Test 1-309,text,true,,197,121,3,3,http://54.159.81.233:8080/match,44,0,22
1773878240532,43,HTTP Request,200,OK,Stress Test 1-310,text,true,,197,121,3,3,http://54.159.81.233:8080/match,43,0,21
1773878240552,43,HTTP Request,200,OK,Stress Test 1-311,text,true,,197,121,3,3,http://54.159.81.233:8080/match,43,0,21
1773878240572,44,HTTP Request,200,OK,Stress Test 1-312,text,true,,197,121,3,3,http://54.159.81.233:8080/match,44,0,21
1773878240592,43,HTTP Request,200,OK,Stress Test 1-313,text,true,,197,121,3,3,http://54.159.81.233:8080/match,43,0,21
1773878240613,44,HTTP Request,200,OK,Stress Test 1-314,text,true,,197,121,3,3,http://54.159.81.233:8080/match,44,0,22
1773878240633,44,HTTP Request,200,OK,Stress Test 1-315,text,true,,197,121,3,3,http://54.159.81.233:8080/match,44,0,22
1773878240652,44,HTTP Request,200,OK,Stress Test 1-316,text,true,,197,121,3,3,http://54.159.81.233:8080/match,44,0,21
1773878240672,44,HTTP Request,200,OK,Stress Test 1-317,text,true,,197,121,3,3,http://54.159.81.233:8080/match,44,0,21
1773878240692,44,HTTP Request,200,OK,Stress Test 1-318,text,true,,197,121,3,3,http://54.159.81.233:8080/match,44,0,22
1773878240711,44,HTTP Request,200,OK,Stress Test 1-319,text,true,,197,121,3,3,http://54.159.81.233:8080/match,44,0,22
1773878240733,43,HTTP Request,200,OK,Stress Test 1-320,text,true,,197,121,3,3,http://54.159.81.233:8080/match,43,0,21
1773878240753,44,HTTP Request,200,OK,Stress Test 1-321,text,true,,197,121,3,3,http://54.159.81.233:8080/match,44,0,22
1773878240773,43,HTTP Request,200,OK,Stress Test 1-322,text,true,,197,121,3,3,http://54.159.81.233:8080/match,43,0,21
1773878240792,44,HTTP Request,200,OK,Stress Test 1-323,text,true,,197,121,3,3,http://54.159.81.233:8080/match,44,0,21
1773878240812,43,HTTP Request,200,OK,Stress Test 1-324,text,true,,197,121,3,3,http://54.159.81.233:8080/match,43,0,21
1773878240832,44,HTTP Request,200,OK,Stress Test 1-325,text,true,,197,121,3,3,http://54.159.81.233:8080/match,44,0,22
1773878240852,43,HTTP Request,200,OK,Stress Test 1-326,text,true,,197,121,3,3,http://54.159.81.233:8080/match,43,0,21
1773878240872,43,HTTP Request,200,OK,Stress Test 1-327,text,true,,197,121,3,3,http://54.159.81.233:8080/match,43,0,21
1773878240892,43,HTTP Request,200,OK,Stress Test 1-328,text,true,,197,121,3,3,http://54.159.81.233:8080/match,43,0,21
1773878240913,44,HTTP Request,200,OK,Stress Test 1-329,text,true,,197,121,3,3,http://54.159.81.233:8080/match,44,0,22
1773878240933,45,HTTP Request,200,OK,Stress Test 1-330,text,true,,197,121,3,3,http://54.159.81.233:8080/match,45,0,22
1773878240952,44,HTTP Request,200,OK,Stress Test 1-331,text,true,,197,121,3,3,http://54.159.81.233:8080/match,44,0,21
1773878240972,43,HTTP Request,200,OK,Stress Test 1-332,text,true,,197,121,3,3,http://54.159.81.233:8080/match,43,0,21
1773878240992,45,HTTP Request,200,OK,Stress Test 1-333,text,true,,197,121,3,3,http://54.159.81.233:8080/match,45,0,22
1773878241012,43,HTTP Request,200,OK,Stress Test 1-334,text,true,,197,121,3,3,http://54.159.81.233:8080/match,43,0,21
1773878241032,44,HTTP Request,200,OK,Stress Test 1-335,text,true,,197,121,3,3,http://54.159.81.233:8080/match,44,0,22
1773878241052,43,HTTP Request,200,OK,Stress Test 1-336,text,true,,197,121,3,3,http://54.159.81.233:8080/match,43,0,21
1773878241074,43,HTTP Request,200,OK,Stress Test 1-337,text,true,,197,121,3,3,http://54.159.81.233:8080/match,43,0,21
1773878241095,43,HTTP Request,200,OK,Stress Test 1-338,text,true,,197,121,3,3,http://54.159.81.233:8080/match,43,0,21
1773878241112,43,HTTP Request,200,OK,Stress Test 1-339,text,true,,197,121,3,3,http://54.159.81.233:8080/match,43,0,22
1773878241132,43,HTTP Request,200,OK,Stress Test 1-340,text,true,,197,121,3,3,http://54.159.81.233:8080/match,43,0,21
1773878241152,44,HTTP Request,200,OK,Stress Test 1-341,text,true,,197,121,3,3,http://54.159.81.233:8080/match,44,0,22
1773878241172,43,HTTP Request,200,OK,Stress Test 1-342,text,true,,197,121,3,3,http://54.159.81.233:8080/match,43,0,21
1773878241194,43,HTTP Request,200,OK,Stress Test 1-343,text,true,,197,121,3,3,http://54.159.81.233:8080/match,43,0,21
1773878241213,44,HTTP Request,200,OK,Stress Test 1-344,text,true,,197,121,3,3,http://54.159.81.233:8080/match,44,0,22
1773878241233,43,HTTP Request,200,OK,Stress Test 1-345,text,true,,197,121,3,3,http://54.159.81.233:8080/match,43,0,21
1773878241254,43,HTTP Request,200,OK,Stress Test 1-346,text,true,,197,121,3,3,http://54.159.81.233:8080/match,43,0,21
1773878241272,43,HTTP Request,200,OK,Stress Test 1-347,text,true,,197,121,3,3,http://54.159.81.233:8080/match,43,0,21
1773878241292,43,HTTP Request,200,OK,Stress Test 1-348,text,true,,197,121,3,3,http://54.159.81.233:8080/match,43,0,22
1773878241313,44,HTTP Request,200,OK,Stress Test 1-349,text,true,,197,121,3,3,http://54.159.81.233:8080/match,44,0,22
1773878241334,43,HTTP Request,200,OK,Stress Test 1-350,text,true,,197,121,3,3,http://54.159.81.233:8080/match,43,0,21
1773878241352,42,HTTP Request,200,OK,Stress Test 1-351,text,true,,197,121,3,3,http://54.159.81.233:8080/match,42,0,21
1773878241372,44,HTTP Request,200,OK,Stress Test 1-352,text,true,,197,121,3,3,http://54.159.81.233:8080/match,44,0,21
1773878241392,44,HTTP Request,200,OK,Stress Test 1-353,text,true,,197,121,3,3,http://54.159.81.233:8080/match,44,0,22
1773878241413,43,HTTP Request,200,OK,Stress Test 1-354,text,true,,197,121,3,3,http://54.159.81.233:8080/match,43,0,21
1773878241433,43,HTTP Request,200,OK,Stress Test 1-355,text,true,,197,121,3,3,http://54.159.81.233:8080/match,43,0,22
1773878241453,43,HTTP Request,200,OK,Stress Test 1-356,text,true,,197,121,3,3,http://54.159.81.233:8080/match,43,0,21
1773878241472,42,HTTP Request,200,OK,Stress Test 1-357,text,true,,197,121,3,3,http://54.159.81.233:8080/match,42,0,21
1773878241492,43,HTTP Request,200,OK,Stress Test 1-358,text,true,,197,121,3,3,http://54.159.81.233:8080/match,43,0,21
1773878241513,43,HTTP Request,200,OK,Stress Test 1-359,text,true,,197,121,3,3,http://54.159.81.233:8080/match,43,0,21
1773878241532,43,HTTP Request,200,OK,Stress Test 1-360,text,true,,197,121,3,3,http://54.159.81.233:8080/match,43,0,21
1773878241552,43,HTTP Request,200,OK,Stress Test 1-361,text,true,,197,121,3,3,http://54.159.81.233:8080/match,43,0,21
1773878241573,43,HTTP Request,200,OK,Stress Test 1-362,text,true,,197,121,3,3,http://54.159.81.233:8080/match,43,0,21
1773878241593,44,HTTP Request,200,OK,Stress Test 1-363,text,true,,197,121,3,3,http://54.159.81.233:8080/match,44,0,22
1773878241612,44,HTTP Request,200,OK,Stress Test 1-364,text,true,,197,121,3,3,http://54.159.81.233:8080/match,44,0,22
1773878241632,44,HTTP Request,200,OK,Stress Test 1-365,text,true,,197,121,3,3,http://54.159.81.233:8080/match,44,0,22
1773878241652,44,HTTP Request,200,OK,Stress Test 1-366,text,true,,197,121,3,3,http://54.159.81.233:8080/match,44,0,22
1773878241673,44,HTTP Request,200,OK,Stress Test 1-367,text,true,,197,121,3,3,http://54.159.81.233:8080/match,44,0,22
1773878241693,44,HTTP Request,200,OK,Stress Test 1-368,text,true,,197,121,3,3,http://54.159.81.233:8080/match,44,0,22
1773878241712,44,HTTP Request,200,OK,Stress Test 1-369,text,true,,197,121,3,3,http://54.159.81.233:8080/match,44,0,22
1773878241732,43,HTTP Request,200,OK,Stress Test 1-370,text,true,,197,121,3,3,http://54.159.81.233:8080/match,43,0,22
1773878241752,43,HTTP Request,200,OK,Stress Test 1-371,text,true,,197,121,3,3,http://54.159.81.233:8080/match,43,0,21
1773878241772,44,HTTP Request,200,OK,Stress Test 1-372,text,true,,197,121,3,3,http://54.159.81.233:8080/match,44,0,22
1773878241793,44,HTTP Request,200,OK,Stress Test 1-373,text,true,,197,121,3,3,http://54.159.81.233:8080/match,44,0,22
1773878241813,43,HTTP Request,200,OK,Stress Test 1-374,text,true,,197,121,3,3,http://54.159.81.233:8080/match,43,0,21
1773878241833,43,HTTP Request,200,OK,Stress Test 1-375,text,true,,197,121,3,3,http://54.159.81.233:8080/match,43,0,22
1773878241852,43,HTTP Request,200,OK,Stress Test 1-376,text,true,,197,121,3,3,http://54.159.81.233:8080/match,43,0,21
1773878241872,53,HTTP Request,200,OK,Stress Test 1-377,text,true,,197,121,3,3,http://54.159.81.233:8080/match,53,0,22
1773878241892,57,HTTP Request,200,OK,Stress Test 1-378,text,true,,197,121,3,3,http://54.159.81.233:8080/match,57,0,31
1773878241914,52,HTTP Request,200,OK,Stress Test 1-379,text,true,,197,121,3,3,http://54.159.81.233:8080/match,52,0,30
1773878241934,50,HTTP Request,200,OK,Stress Test 1-380,text,true,,197,121,3,3,http://54.159.81.233:8080/match,50,0,25
1773878241953,43,HTTP Request,200,OK,Stress Test 1-381,text,true,,197,121,3,3,http://54.159.81.233:8080/match,43,0,21
1773878241972,44,HTTP Request,200,OK,Stress Test 1-382,text,true,,197,121,3,3,http://54.159.81.233:8080/match,44,0,22
1773878241992,44,HTTP Request,200,OK,Stress Test 1-383,text,true,,197,121,3,3,http://54.159.81.233:8080/match,44,0,22
1773878242013,44,HTTP Request,200,OK,Stress Test 1-384,text,true,,197,121,3,3,http://54.159.81.233:8080/match,44,0,22
1773878242033,43,HTTP Request,200,OK,Stress Test 1-385,text,true,,197,121,3,3,http://54.159.81.233:8080/match,43,0,21
1773878242052,43,HTTP Request,200,OK,Stress Test 1-386,text,true,,197,121,3,3,http://54.159.81.233:8080/match,43,0,22
1773878242072,43,HTTP Request,200,OK,Stress Test 1-387,text,true,,197,121,3,3,http://54.159.81.233:8080/match,43,0,22
1773878242092,43,HTTP Request,200,OK,Stress Test 1-388,text,true,,197,121,3,3,http://54.159.81.233:8080/match,43,0,21
1773878242113,43,HTTP Request,200,OK,Stress Test 1-389,text,true,,197,121,3,3,http://54.159.81.233:8080/match,43,0,21
1773878242133,43,HTTP Request,200,OK,Stress Test 1-390,text,true,,197,121,3,3,http://54.159.81.233:8080/match,43,0,21
1773878242153,44,HTTP Request,200,OK,Stress Test 1-391,text,true,,197,121,3,3,http://54.159.81.233:8080/match,44,0,22
1773878242172,43,HTTP Request,200,OK,Stress Test 1-392,text,true,,197,121,3,3,http://54.159.81.233:8080/match,43,0,21
1773878242192,43,HTTP Request,200,OK,Stress Test 1-393,text,true,,197,121,3,3,http://54.159.81.233:8080/match,43,0,22
1773878242212,43,HTTP Request,200,OK,Stress Test 1-394,text,true,,197,121,3,3,http://54.159.81.233:8080/match,43,0,21
1773878242232,44,HTTP Request,200,OK,Stress Test 1-395,text,true,,197,121,3,3,http://54.159.81.233:8080/match,44,0,22
1773878242252,43,HTTP Request,200,OK,Stress Test 1-396,text,true,,197,121,3,3,http://54.159.81.233:8080/match,43,0,21
1773878242274,44,HTTP Request,200,OK,Stress Test 1-397,text,true,,197,121,3,3,http://54.159.81.233:8080/match,44,0,22
1773878242293,43,HTTP Request,200,OK,Stress Test 1-398,text,true,,197,121,3,3,http://54.159.81.233:8080/match,43,0,21
1773878242312,44,HTTP Request,200,OK,Stress Test 1-399,text,true,,197,121,3,3,http://54.159.81.233:8080/match,44,0,22
1773878242332,44,HTTP Request,200,OK,Stress Test 1-400,text,true,,197,121,3,3,http://54.159.81.233:8080/match,44,0,22
1773878242352,44,HTTP Request,200,OK,Stress Test 1-401,text,true,,197,121,3,3,http://54.159.81.233:8080/match,44,0,22
1773878242372,44,HTTP Request,200,OK,Stress Test 1-402,text,true,,197,121,3,3,http://54.159.81.233:8080/match,44,0,22
1773878242393,43,HTTP Request,200,OK,Stress Test 1-403,text,true,,197,121,3,3,http://54.159.81.233:8080/match,43,0,21
1773878242411,43,HTTP Request,200,OK,Stress Test 1-404,text,true,,197,121,3,3,http://54.159.81.233:8080/match,43,0,21
1773878242431,43,HTTP Request,200,OK,Stress Test 1-405,text,true,,197,121,3,3,http://54.159.81.233:8080/match,43,0,21
1773878242453,43,HTTP Request,200,OK,Stress Test 1-406,text,true,,197,121,3,3,http://54.159.81.233:8080/match,43,0,21
1773878242472,43,HTTP Request,200,OK,Stress Test 1-407,text,true,,197,121,3,3,http://54.159.81.233:8080/match,43,0,21
1773878242493,43,HTTP Request,200,OK,Stress Test 1-408,text,true,,197,121,3,3,http://54.159.81.233:8080/match,43,0,21
1773878242513,43,HTTP Request,200,OK,Stress Test 1-409,text,true,,197,121,3,3,http://54.159.81.233:8080/match,43,0,21
1773878242532,44,HTTP Request,200,OK,Stress Test 1-410,text,true,,197,121,3,3,http://54.159.81.233:8080/match,44,0,21
1773878242552,46,HTTP Request,200,OK,Stress Test 1-411,text,true,,197,121,3,3,http://54.159.81.233:8080/match,46,0,21
1773878242572,42,HTTP Request,200,OK,Stress Test 1-412,text,true,,197,121,3,3,http://54.159.81.233:8080/match,42,0,21
1773878242592,44,HTTP Request,200,OK,Stress Test 1-413,text,true,,197,121,3,3,http://54.159.81.233:8080/match,44,0,21
1773878242611,47,HTTP Request,200,OK,Stress Test 1-414,text,true,,197,121,3,3,http://54.159.81.233:8080/match,47,0,25
1773878242632,44,HTTP Request,200,OK,Stress Test 1-415,text,true,,197,121,3,3,http://54.159.81.233:8080/match,44,0,22
1773878242651,44,HTTP Request,200,OK,Stress Test 1-416,text,true,,197,121,3,3,http://54.159.81.233:8080/match,44,0,22
1773878242674,43,HTTP Request,200,OK,Stress Test 1-417,text,true,,197,121,3,3,http://54.159.81.233:8080/match,43,0,21
1773878242691,44,HTTP Request,200,OK,Stress Test 1-418,text,true,,197,121,3,3,http://54.159.81.233:8080/match,44,0,22
1773878242712,43,HTTP Request,200,OK,Stress Test 1-419,text,true,,197,121,3,3,http://54.159.81.233:8080/match,43,0,21
1773878242732,45,HTTP Request,200,OK,Stress Test 1-420,text,true,,197,121,3,3,http://54.159.81.233:8080/match,45,0,22
1773878242752,48,HTTP Request,200,OK,Stress Test 1-421,text,true,,197,121,3,3,http://54.159.81.233:8080/match,48,0,24
1773878242773,43,HTTP Request,200,OK,Stress Test 1-422,text,true,,197,121,3,3,http://54.159.81.233:8080/match,43,0,21
1773878242793,43,HTTP Request,200,OK,Stress Test 1-423,text,true,,197,121,3,3,http://54.159.81.233:8080/match,43,0,21
1773878242812,43,HTTP Request,200,OK,Stress Test 1-424,text,true,,197,121,3,3,http://54.159.81.233:8080/match,43,0,21
1773878242832,43,HTTP Request,200,OK,Stress Test 1-425,text,true,,197,121,3,3,http://54.159.81.233:8080/match,43,0,21
1773878242852,42,HTTP Request,200,OK,Stress Test 1-426,text,true,,197,121,3,3,http://54.159.81.233:8080/match,42,0,20
1773878242873,43,HTTP Request,200,OK,Stress Test 1-427,text,true,,197,121,3,3,http://54.159.81.233:8080/match,43,0,21
1773878242893,43,HTTP Request,200,OK,Stress Test 1-428,text,true,,197,121,3,3,http://54.159.81.233:8080/match,43,0,21
1773878242912,44,HTTP Request,200,OK,Stress Test 1-429,text,true,,197,121,3,3,http://54.159.81.233:8080/match,44,0,22
1773878242931,46,HTTP Request,200,OK,Stress Test 1-430,text,true,,197,121,3,3,http://54.159.81.233:8080/match,46,0,24
1773878242951,43,HTTP Request,200,OK,Stress Test 1-431,text,true,,197,121,3,3,http://54.159.81.233:8080/match,43,0,22
1773878242972,43,HTTP Request,200,OK,Stress Test 1-432,text,true,,197,121,3,3,http://54.159.81.233:8080/match,43,0,21
1773878242992,45,HTTP Request,200,OK,Stress Test 1-433,text,true,,197,121,3,3,http://54.159.81.233:8080/match,45,0,23
1773878243013,43,HTTP Request,200,OK,Stress Test 1-434,text,true,,197,121,3,3,http://54.159.81.233:8080/match,43,0,21
1773878243032,43,HTTP Request,200,OK,Stress Test 1-435,text,true,,197,121,3,3,http://54.159.81.233:8080/match,43,0,21
1773878243052,43,HTTP Request,200,OK,Stress Test 1-436,text,true,,197,121,3,3,http://54.159.81.233:8080/match,43,0,21
1773878243071,43,HTTP Request,200,OK,Stress Test 1-437,text,true,,197,121,3,3,http://54.159.81.233:8080/match,43,0,21
1773878243092,43,HTTP Request,200,OK,Stress Test 1-438,text,true,,197,121,3,3,http://54.159.81.233:8080/match,43,0,21
1773878243111,43,HTTP Request,200,OK,Stress Test 1-439,text,true,,197,121,3,3,http://54.159.81.233:8080/match,43,0,21
1773878243132,44,HTTP Request,200,OK,Stress Test 1-440,text,true,,197,121,3,3,http://54.159.81.233:8080/match,44,0,22
1773878243152,43,HTTP Request,200,OK,Stress Test 1-441,text,true,,197,121,3,3,http://54.159.81.233:8080/match,43,0,21
1773878243172,44,HTTP Request,200,OK,Stress Test 1-442,text,true,,197,121,3,3,http://54.159.81.233:8080/match,44,0,21
1773878243192,43,HTTP Request,200,OK,Stress Test 1-443,text,true,,197,121,3,3,http://54.159.81.233:8080/match,43,0,21
1773878243212,43,HTTP Request,200,OK,Stress Test 1-444,text,true,,197,121,3,3,http://54.159.81.233:8080/match,43,0,21
1773878243232,43,HTTP Request,200,OK,Stress Test 1-445,text,true,,197,121,3,3,http://54.159.81.233:8080/match,43,0,22
1773878243253,44,HTTP Request,200,OK,Stress Test 1-446,text,true,,197,121,3,3,http://54.159.81.233:8080/match,44,0,21
1773878243272,43,HTTP Request,200,OK,Stress Test 1-447,text,true,,197,121,3,3,http://54.159.81.233:8080/match,43,0,22
1773878243291,43,HTTP Request,200,OK,Stress Test 1-448,text,true,,197,121,3,3,http://54.159.81.233:8080/match,43,0,21
1773878243312,43,HTTP Request,200,OK,Stress Test 1-449,text,true,,197,121,3,3,http://54.159.81.233:8080/match,43,0,21
1773878243331,43,HTTP Request,200,OK,Stress Test 1-450,text,true,,197,121,3,3,http://54.159.81.233:8080/match,43,0,21
1773878243352,43,HTTP Request,200,OK,Stress Test 1-451,text,true,,197,121,3,3,http://54.159.81.233:8080/match,43,0,21
1773878243372,44,HTTP Request,200,OK,Stress Test 1-452,text,true,,197,121,3,3,http://54.159.81.233:8080/match,44,0,22
1773878243392,43,HTTP Request,200,OK,Stress Test 1-453,text,true,,197,121,3,3,http://54.159.81.233:8080/match,43,0,21
1773878243411,43,HTTP Request,200,OK,Stress Test 1-454,text,true,,197,121,3,3,http://54.159.81.233:8080/match,43,0,21
1773878243431,43,HTTP Request,200,OK,Stress Test 1-455,text,true,,197,121,3,3,http://54.159.81.233:8080/match,43,0,21
1773878243451,43,HTTP Request,200,OK,Stress Test 1-456,text,true,,197,121,3,3,http://54.159.81.233:8080/match,43,0,21
1773878243472,43,HTTP Request,200,OK,Stress Test 1-457,text,true,,197,121,3,3,http://54.159.81.233:8080/match,43,0,21
1773878243492,42,HTTP Request,200,OK,Stress Test 1-458,text,true,,197,121,3,3,http://54.159.81.233:8080/match,42,0,21
1773878243512,43,HTTP Request,200,OK,Stress Test 1-459,text,true,,197,121,3,3,http://54.159.81.233:8080/match,43,0,21
1773878243532,44,HTTP Request,200,OK,Stress Test 1-460,text,true,,197,121,3,3,http://54.159.81.233:8080/match,44,0,22
1773878243552,43,HTTP Request,200,OK,Stress Test 1-461,text,true,,197,121,3,3,http://54.159.81.233:8080/match,43,0,22
1773878243572,43,HTTP Request,200,OK,Stress Test 1-462,text,true,,197,121,3,3,http://54.159.81.233:8080/match,43,0,21
1773878243591,43,HTTP Request,200,OK,Stress Test 1-463,text,true,,197,121,3,3,http://54.159.81.233:8080/match,43,0,21
1773878243612,43,HTTP Request,200,OK,Stress Test 1-464,text,true,,197,121,3,3,http://54.159.81.233:8080/match,43,0,21
1773878243632,43,HTTP Request,200,OK,Stress Test 1-465,text,true,,197,121,3,3,http://54.159.81.233:8080/match,43,0,21
1773878243654,44,HTTP Request,200,OK,Stress Test 1-466,text,true,,197,121,3,3,http://54.159.81.233:8080/match,44,0,21
1773878243673,44,HTTP Request,200,OK,Stress Test 1-467,text,true,,197,121,3,3,http://54.159.81.233:8080/match,44,0,22
1773878243692,44,HTTP Request,200,OK,Stress Test 1-468,text,true,,197,121,3,3,http://54.159.81.233:8080/match,44,0,22
1773878243712,44,HTTP Request,200,OK,Stress Test 1-469,text,true,,197,121,3,3,http://54.159.81.233:8080/match,44,0,22
1773878243732,44,HTTP Request,200,OK,Stress Test 1-470,text,true,,197,121,3,3,http://54.159.81.233:8080/match,44,0,22
1773878243752,43,HTTP Request,200,OK,Stress Test 1-471,text,true,,197,121,3,3,http://54.159.81.233:8080/match,43,0,22
1773878243772,43,HTTP Request,200,OK,Stress Test 1-472,text,true,,197,121,3,3,http://54.159.81.233:8080/match,43,0,21
1773878243792,43,HTTP Request,200,OK,Stress Test 1-473,text,true,,197,121,3,3,http://54.159.81.233:8080/match,43,0,21
1773878243814,43,HTTP Request,200,OK,Stress Test 1-474,text,true,,197,121,3,3,http://54.159.81.233:8080/match,43,0,21
1773878243833,43,HTTP Request,200,OK,Stress Test 1-475,text,true,,197,121,3,3,http://54.159.81.233:8080/match,43,0,21
1773878243853,43,HTTP Request,200,OK,Stress Test 1-476,text,true,,197,121,3,3,http://54.159.81.233:8080/match,43,0,22
1773878243872,43,HTTP Request,200,OK,Stress Test 1-477,text,true,,197,121,3,3,http://54.159.81.233:8080/match,43,0,21
1773878243892,44,HTTP Request,200,OK,Stress Test 1-478,text,true,,197,121,3,3,http://54.159.81.233:8080/match,44,0,21
1773878243912,44,HTTP Request,200,OK,Stress Test 1-479,text,true,,197,121,3,3,http://54.159.81.233:8080/match,44,0,22
1773878243932,43,HTTP Request,200,OK,Stress Test 1-480,text,true,,197,121,3,3,http://54.159.81.233:8080/match,43,0,21
1773878243952,44,HTTP Request,200,OK,Stress Test 1-481,text,true,,197,121,2,2,http://54.159.81.233:8080/match,44,0,22
1773878243972,44,HTTP Request,200,OK,Stress Test 1-482,text,true,,197,121,3,3,http://54.159.81.233:8080/match,44,0,22
1773878244003,43,HTTP Request,200,OK,Stress Test 1-483,text,true,,197,121,3,3,http://54.159.81.233:8080/match,43,0,21
1773878244013,43,HTTP Request,200,OK,Stress Test 1-484,text,true,,197,121,3,3,http://54.159.81.233:8080/match,43,0,21
1773878244032,43,HTTP Request,200,OK,Stress Test 1-485,text,true,,197,121,3,3,http://54.159.81.233:8080/match,43,0,21
1773878244052,42,HTTP Request,200,OK,Stress Test 1-486,text,true,,197,121,3,3,http://54.159.81.233:8080/match,42,0,21
1773878244072,44,HTTP Request,200,OK,Stress Test 1-487,text,true,,197,121,3,3,http://54.159.81.233:8080/match,44,0,21
1773878244092,43,HTTP Request,200,OK,Stress Test 1-488,text,true,,197,121,3,3,http://54.159.81.233:8080/match,43,0,21
1773878244113,45,HTTP Request,200,OK,Stress Test 1-489,text,true,,197,121,3,3,http://54.159.81.233:8080/match,45,0,22
1773878244132,43,HTTP Request,200,OK,Stress Test 1-490,text,true,,197,121,3,3,http://54.159.81.233:8080/match,43,0,21
1773878244152,43,HTTP Request,200,OK,Stress Test 1-491,text,true,,197,121,3,3,http://54.159.81.233:8080/match,43,0,22
1773878244173,43,HTTP Request,200,OK,Stress Test 1-492,text,true,,197,121,3,3,http://54.159.81.233:8080/match,43,0,21
1773878244192,43,HTTP Request,200,OK,Stress Test 1-493,text,true,,197,121,3,3,http://54.159.81.233:8080/match,43,0,21
1773878244212,44,HTTP Request,200,OK,Stress Test 1-494,text,true,,197,121,3,3,http://54.159.81.233:8080/match,44,0,22
1773878244232,43,HTTP Request,200,OK,Stress Test 1-495,text,true,,197,121,3,3,http://54.159.81.233:8080/match,43,0,22
1773878244253,44,HTTP Request,200,OK,Stress Test 1-496,text,true,,197,121,3,3,http://54.159.81.233:8080/match,44,0,22
1773878244272,44,HTTP Request,200,OK,Stress Test 1-497,text,true,,197,121,3,3,http://54.159.81.233:8080/match,44,0,22
1773878244292,43,HTTP Request,200,OK,Stress Test 1-498,text,true,,197,121,3,3,http://54.159.81.233:8080/match,43,0,21
1773878244311,43,HTTP Request,200,OK,Stress Test 1-499,text,true,,197,121,2,2,http://54.159.81.233:8080/match,43,0,22
1773878244331,44,HTTP Request,200,OK,Stress Test 1-500,text,true,,197,121,1,1,http://54.159.81.233:8080/match,44,0,22
